Workbook

Sheet الملخص
A1: ملخص مقارنة المعادلات — نظامنا مقابل نظامهم
A3: المجال | B3: مطابق | C3: شبه مطابق | D3: غير مطابق | E3: عندهم فقط | F3: عندنا فقط | G3: المجموع | H3: نسبة المطابق من المشترك
A4: المسيّر (PAYX) | B4: =COUNTIFS('المقارنة الكاملة'!$B$2:$B$189,$A4,'المقارنة الكاملة'!$H$2:$H$189,B$3) | C4: =COUNTIFS('المقارنة الكاملة'!$B$2:$B$189,$A4,'المقارنة الكاملة'!$H$2:$H$189,C$3) | D4: =COUNTIFS('المقارنة الكاملة'!$B$2:$B$189,$A4,'المقارنة الكاملة'!$H$2:$H$189,D$3) | E4: =COUNTIFS('المقارنة الكاملة'!$B$2:$B$189,$A4,'المقارنة الكاملة'!$H$2:$H$189,E$3) | F4: =COUNTIFS('المقارنة الكاملة'!$B$2:$B$189,$A4,'المقارنة الكاملة'!$H$2:$H$189,F$3) | G4: =SUM(B4:F4) | H4: =IFERROR(B4/(B4+C4+D4),0)
A5: صفوف المسيّر | B5: =COUNTIFS('المقارنة الكاملة'!$B$2:$B$189,$A5,'المقارنة الكاملة'!$H$2:$H$189,B$3) | C5: =COUNTIFS('المقارنة الكاملة'!$B$2:$B$189,$A5,'المقارنة الكاملة'!$H$2:$H$189,C$3) | D5: =COUNTIFS('المقارنة الكاملة'!$B$2:$B$189,$A5,'المقارنة الكاملة'!$H$2:$H$189,D$3) | E5: =COUNTIFS('المقارنة الكاملة'!$B$2:$B$189,$A5,'المقارنة الكاملة'!$H$2:$H$189,E$3) | F5: =COUNTIFS('المقارنة الكاملة'!$B$2:$B$189,$A5,'المقارنة الكاملة'!$H$2:$H$189,F$3) | G5: =SUM(B5:F5) | H5: =IFERROR(B5/(B5+C5+D5),0)
A6: التأمينات | B6: =COUNTIFS('المقارنة الكاملة'!$B$2:$B$189,$A6,'المقارنة الكاملة'!$H$2:$H$189,B$3) | C6: =COUNTIFS('المقارنة الكاملة'!$B$2:$B$189,$A6,'المقارنة الكاملة'!$H$2:$H$189,C$3) | D6: =COUNTIFS('المقارنة الكاملة'!$B$2:$B$189,$A6,'المقارنة الكاملة'!$H$2:$H$189,D$3) | E6: =COUNTIFS('المقارنة الكاملة'!$B$2:$B$189,$A6,'المقارنة الكاملة'!$H$2:$H$189,E$3) | F6: =COUNTIFS('المقارنة الكاملة'!$B$2:$B$189,$A6,'المقارنة الكاملة'!$H$2:$H$189,F$3) | G6: =SUM(B6:F6) | H6: =IFERROR(B6/(B6+C6+D6),0)
A7: بيانات الموظف | B7: =COUNTIFS('المقارنة الكاملة'!$B$2:$B$189,$A7,'المقارنة الكاملة'!$H$2:$H$189,B$3) | C7: =COUNTIFS('المقارنة الكاملة'!$B$2:$B$189,$A7,'المقارنة الكاملة'!$H$2:$H$189,C$3) | D7: =COUNTIFS('المقارنة الكاملة'!$B$2:$B$189,$A7,'المقارنة الكاملة'!$H$2:$H$189,D$3) | E7: =COUNTIFS('المقارنة الكاملة'!$B$2:$B$189,$A7,'المقارنة الكاملة'!$H$2:$H$189,E$3) | F7: =COUNTIFS('المقارنة الكاملة'!$B$2:$B$189,$A7,'المقارنة الكاملة'!$H$2:$H$189,F$3) | G7: =SUM(B7:F7) | H7: =IFERROR(B7/(B7+C7+D7),0)
A8: نهاية الخدمة | B8: =COUNTIFS('المقارنة الكاملة'!$B$2:$B$189,$A8,'المقارنة الكاملة'!$H$2:$H$189,B$3) | C8: =COUNTIFS('المقارنة الكاملة'!$B$2:$B$189,$A8,'المقارنة الكاملة'!$H$2:$H$189,C$3) | D8: =COUNTIFS('المقارنة الكاملة'!$B$2:$B$189,$A8,'المقارنة الكاملة'!$H$2:$H$189,D$3) | E8: =COUNTIFS('المقارنة الكاملة'!$B$2:$B$189,$A8,'المقارنة الكاملة'!$H$2:$H$189,E$3) | F8: =COUNTIFS('المقارنة الكاملة'!$B$2:$B$189,$A8,'المقارنة الكاملة'!$H$2:$H$189,F$3) | G8: =SUM(B8:F8) | H8: =IFERROR(B8/(B8+C8+D8),0)
A9: المخالصة | B9: =COUNTIFS('المقارنة الكاملة'!$B$2:$B$189,$A9,'المقارنة الكاملة'!$H$2:$H$189,B$3) | C9: =COUNTIFS('المقارنة الكاملة'!$B$2:$B$189,$A9,'المقارنة الكاملة'!$H$2:$H$189,C$3) | D9: =COUNTIFS('المقارنة الكاملة'!$B$2:$B$189,$A9,'المقارنة الكاملة'!$H$2:$H$189,D$3) | E9: =COUNTIFS('المقارنة الكاملة'!$B$2:$B$189,$A9,'المقارنة الكاملة'!$H$2:$H$189,E$3) | F9: =COUNTIFS('المقارنة الكاملة'!$B$2:$B$189,$A9,'المقارنة الكاملة'!$H$2:$H$189,F$3) | G9: =SUM(B9:F9) | H9: =IFERROR(B9/(B9+C9+D9),0)
A10: الإجازات | B10: =COUNTIFS('المقارنة الكاملة'!$B$2:$B$189,$A10,'المقارنة الكاملة'!$H$2:$H$189,B$3) | C10: =COUNTIFS('المقارنة الكاملة'!$B$2:$B$189,$A10,'المقارنة الكاملة'!$H$2:$H$189,C$3) | D10: =COUNTIFS('المقارنة الكاملة'!$B$2:$B$189,$A10,'المقارنة الكاملة'!$H$2:$H$189,D$3) | E10: =COUNTIFS('المقارنة الكاملة'!$B$2:$B$189,$A10,'المقارنة الكاملة'!$H$2:$H$189,E$3) | F10: =COUNTIFS('المقارنة الكاملة'!$B$2:$B$189,$A10,'المقارنة الكاملة'!$H$2:$H$189,F$3) | G10: =SUM(B10:F10) | H10: =IFERROR(B10/(B10+C10+D10),0)
A11: الحضور والبصمة | B11: =COUNTIFS('المقارنة الكاملة'!$B$2:$B$189,$A11,'المقارنة الكاملة'!$H$2:$H$189,B$3) | C11: =COUNTIFS('المقارنة الكاملة'!$B$2:$B$189,$A11,'المقارنة الكاملة'!$H$2:$H$189,C$3) | D11: =COUNTIFS('المقارنة الكاملة'!$B$2:$B$189,$A11,'المقارنة الكاملة'!$H$2:$H$189,D$3) | E11: =COUNTIFS('المقارنة الكاملة'!$B$2:$B$189,$A11,'المقارنة الكاملة'!$H$2:$H$189,E$3) | F11: =COUNTIFS('المقارنة الكاملة'!$B$2:$B$189,$A11,'المقارنة الكاملة'!$H$2:$H$189,F$3) | G11: =SUM(B11:F11) | H11: =IFERROR(B11/(B11+C11+D11),0)
A12: لوحة التحكم والتقارير | B12: =COUNTIFS('المقارنة الكاملة'!$B$2:$B$189,$A12,'المقارنة الكاملة'!$H$2:$H$189,B$3) | C12: =COUNTIFS('المقارنة الكاملة'!$B$2:$B$189,$A12,'المقارنة الكاملة'!$H$2:$H$189,C$3) | D12: =COUNTIFS('المقارنة الكاملة'!$B$2:$B$189,$A12,'المقارنة الكاملة'!$H$2:$H$189,D$3) | E12: =COUNTIFS('المقارنة الكاملة'!$B$2:$B$189,$A12,'المقارنة الكاملة'!$H$2:$H$189,E$3) | F12: =COUNTIFS('المقارنة الكاملة'!$B$2:$B$189,$A12,'المقارنة الكاملة'!$H$2:$H$189,F$3) | G12: =SUM(B12:F12) | H12: =IFERROR(B12/(B12+C12+D12),0)
A13: النماذج | B13: =COUNTIFS('المقارنة الكاملة'!$B$2:$B$189,$A13,'المقارنة الكاملة'!$H$2:$H$189,B$3) | C13: =COUNTIFS('المقارنة الكاملة'!$B$2:$B$189,$A13,'المقارنة الكاملة'!$H$2:$H$189,C$3) | D13: =COUNTIFS('المقارنة الكاملة'!$B$2:$B$189,$A13,'المقارنة الكاملة'!$H$2:$H$189,D$3) | E13: =COUNTIFS('المقارنة الكاملة'!$B$2:$B$189,$A13,'المقارنة الكاملة'!$H$2:$H$189,E$3) | F13: =COUNTIFS('المقارنة الكاملة'!$B$2:$B$189,$A13,'المقارنة الكاملة'!$H$2:$H$189,F$3) | G13: =SUM(B13:F13) | H13: =IFERROR(B13/(B13+C13+D13),0)
A14: سير الطلبات | B14: =COUNTIFS('المقارنة الكاملة'!$B$2:$B$189,$A14,'المقارنة الكاملة'!$H$2:$H$189,B$3) | C14: =COUNTIFS('المقارنة الكاملة'!$B$2:$B$189,$A14,'المقارنة الكاملة'!$H$2:$H$189,C$3) | D14: =COUNTIFS('المقارنة الكاملة'!$B$2:$B$189,$A14,'المقارنة الكاملة'!$H$2:$H$189,D$3) | E14: =COUNTIFS('المقارنة الكاملة'!$B$2:$B$189,$A14,'المقارنة الكاملة'!$H$2:$H$189,E$3) | F14: =COUNTIFS('المقارنة الكاملة'!$B$2:$B$189,$A14,'المقارنة الكاملة'!$H$2:$H$189,F$3) | G14: =SUM(B14:F14) | H14: =IFERROR(B14/(B14+C14+D14),0)
A15: ميزات جديدة | B15: =COUNTIFS('المقارنة الكاملة'!$B$2:$B$189,$A15,'المقارنة الكاملة'!$H$2:$H$189,B$3) | C15: =COUNTIFS('المقارنة الكاملة'!$B$2:$B$189,$A15,'المقارنة الكاملة'!$H$2:$H$189,C$3) | D15: =COUNTIFS('المقارنة الكاملة'!$B$2:$B$189,$A15,'المقارنة الكاملة'!$H$2:$H$189,D$3) | E15: =COUNTIFS('المقارنة الكاملة'!$B$2:$B$189,$A15,'المقارنة الكاملة'!$H$2:$H$189,E$3) | F15: =COUNTIFS('المقارنة الكاملة'!$B$2:$B$189,$A15,'المقارنة الكاملة'!$H$2:$H$189,F$3) | G15: =SUM(B15:F15) | H15: =IFERROR(B15/(B15+C15+D15),0)
A16: الدخول والجلسات | B16: =COUNTIFS('المقارنة الكاملة'!$B$2:$B$189,$A16,'المقارنة الكاملة'!$H$2:$H$189,B$3) | C16: =COUNTIFS('المقارنة الكاملة'!$B$2:$B$189,$A16,'المقارنة الكاملة'!$H$2:$H$189,C$3) | D16: =COUNTIFS('المقارنة الكاملة'!$B$2:$B$189,$A16,'المقارنة الكاملة'!$H$2:$H$189,D$3) | E16: =COUNTIFS('المقارنة الكاملة'!$B$2:$B$189,$A16,'المقارنة الكاملة'!$H$2:$H$189,E$3) | F16: =COUNTIFS('المقارنة الكاملة'!$B$2:$B$189,$A16,'المقارنة الكاملة'!$H$2:$H$189,F$3) | G16: =SUM(B16:F16) | H16: =IFERROR(B16/(B16+C16+D16),0)
A17: الإجمالي | B17: =SUM(B4:B16) | C17: =SUM(C4:C16) | D17: =SUM(D4:D16) | E17: =SUM(E4:E16) | F17: =SUM(F4:F16) | G17: =SUM(B17:F17) | H17: =IFERROR(B17/(B17+C17+D17),0)
A19: الألوان: أخضر = مطابق · برتقالي = شبه مطابق (نفس المعادلة وفرق بسيط أو في حالات حدية) · أحمر = غير مطابق · أزرق = عندهم فقط · بنفسجي = عندنا فقط.
A20: نسبة المطابق = المطابق ÷ (المطابق + شبه المطابق + غير المطابق)، أي من المعادلات الموجودة في النظامين.
A21: طريقة الفحص: «تشغيل» = شغّلت معادلاتهم ومعادلاتنا على نفس الأرقام وقارنت النتائج · «قراءة» = مقارنة الكود سطراً بسطر.
A22: الإصدارات: نظامهم = تسليم 18 أكتوبر 2026 (ملفات 17 أكتوبر، مطابق لملف ZIP في التنزيلات). نظامنا = main عند 494998d (14 أكتوبر 2026).
A23: دوال قاعدتهم القديمة مأخوذة من نسخة Supabase بتاريخ 8 أكتوبر؛ نسختهم الحية ربما تغيّرت. الدوال الست الناقصة لا يمكن فحصها.
A24: تصحيحات نظام العمل عندنا: A م.85 · B وعاء المكافأة · C م.77 المحدد · D م.87 · E/F تنبيهات المرضية والإجازات · G التأمينات على السكن الفعلي · J رصيد ما بعد 5 سنوات · K المرن متعدد الجلسات.

Sheet المقارنة الكاملة
A1: م | B1: المجال | C1: المعادلة | D1: نظامهم: المكان | E1: نظامهم: المعادلة | F1: نظامنا: المكان | G1: نظامنا: المعادلة | H1: الحالة | I1: الفرق / السبب | J1: طريقة الفحص
A2: 1 | B2: المسيّر (PAYX) | C2: V الراتب حسب الأيام | D2: هم/HR:engines/payx.js | E2: الأساسي × أيام العمل ÷ أيام الشهر | F2: نحن/موقع:lib/calc/payx.ts | G2: نفسها | H2: مطابق | J2: تشغيل 20,000 حالة
A3: 2 | B3: المسيّر (PAYX) | C3: Y بدل السكن بالأيام | D3: هم/HR:engines/payx.js | E3: الأساسي × نسبة السكن × أيام العمل ÷ أيام الشهر (صفر للتمهير) | F3: نحن/موقع:lib/calc/payx.ts | G3: نفسها | H3: مطابق | J3: تشغيل 20,000 حالة
A4: 3 | B4: المسيّر (PAYX) | C4: Z بدل المواصلات بالأيام | D4: هم/HR:engines/payx.js | E4: الأساسي × نسبة المواصلات × أيام العمل ÷ أيام الشهر (صفر للتمهير) | F4: نحن/موقع:lib/calc/payx.ts | G4: نفسها | H4: مطابق | J4: تشغيل 20,000 حالة
A5: 4 | B5: المسيّر (PAYX) | C5: AA بدل المشروع بالأيام | D5: هم/HR:engines/payx.js | E5: المشروع × أيام العمل ÷ أيام الشهر | F5: نحن/موقع:lib/calc/payx.ts | G5: نفسها | H5: مطابق | J5: تشغيل 20,000 حالة
A6: 5 | B6: المسيّر (PAYX) | C6: AB البدلات الأخرى بالأيام | D6: هم/HR:engines/payx.js | E6: الأخرى × أيام العمل ÷ أيام الشهر | F6: نحن/موقع:lib/calc/payx.ts | G6: نفسها | H6: مطابق | J6: تشغيل 20,000 حالة
A7: 6 | B7: المسيّر (PAYX) | C7: T الراتب شامل البدلات | D7: هم/HR:engines/payx.js | E7: أساسي + سكن + مواصلات + مشروع + أخرى، أو قيمة يدوية | F7: نحن/موقع:lib/calc/payx.ts | G7: نفسها | H7: مطابق | J7: تشغيل 20,000 حالة
A8: 7 | B8: المسيّر (PAYX) | C8: X الإضافي | D8: هم/HR:engines/payx.js | E8: T÷أيام÷8×الساعات + الأساسي÷أيام÷8÷2×الساعات، أو مبلغ يدوي | F8: نحن/موقع:lib/calc/payx.ts | G8: نفسها | H8: مطابق | J8: تشغيل 20,000 حالة
A9: 8 | B9: المسيّر (PAYX) | C9: I نهاية العقد | D9: هم/HR:engines/payx.js | E9: EDATE(المباشرة، مدة العقد بالأشهر) أو آخر يوم | F9: نحن/موقع:lib/calc/payx.ts | G9: نفسها | H9: مطابق | J9: تشغيل 20,000 حالة
A10: 9 | B10: المسيّر (PAYX) | C10: آخر يوم شامل (+1 يوم) | D10: هم/HR:engines/payx.js | E10: آخر يوم يكتبه المستخدم يُحسب كاملاً | F10: نحن/موقع:lib/calc/payx.ts | G10: نفسها | H10: مطابق | J10: تشغيل 20,000 حالة
A11: 10 | B11: المسيّر (PAYX) | C11: AD/AE/AF مدة الخدمة سنة/شهر/يوم | D11: هم/HR:engines/payx.js | E11: DATEDIF مثل Excel (y / ym / md) | F11: نحن/موقع:lib/calc/payx.ts | G11: نفسها | H11: مطابق | J11: تشغيل 20,000 حالة
A12: 11 | B12: المسيّر (PAYX) | C12: K سنوات الخدمة | D12: هم/HR:engines/payx.js | E12: سنة + شهر÷12 + يوم÷360 | F12: نحن/موقع:lib/calc/payx.ts | G12: نفسها | H12: مطابق | J12: تشغيل 20,000 حالة
A13: 12 | B13: المسيّر (PAYX) | C13: N رصيد الإجازة خلال التعاقد | D13: هم/HR:engines/payx.js | E13: K≤5: K×M · بعدها: 105 + (K−5)×30 | F13: نحن/موقع:lib/calc/payx.ts | G13: K≤5: K×M · بعدها: 5×M + (K−5)×max(M,30) | H13: غير مطابق | I13: تصحيح J: يختلف لما الإجازة السنوية ≠ 21 يوم (مثال: عقد 30 يوم و8 سنوات) | J13: تشغيل 3,643 حالة مختلفة
A14: 13 | B14: المسيّر (PAYX) | C14: O ما تم استحقاقه (أيام مأخوذة) | D14: هم/HR:engines/payx.js | E14: يدوي، أو تلقائي لو فيه سبب إنهاء | F14: نحن/موقع:lib/calc/payx.ts | G14: نفسها | H14: مطابق | J14: تشغيل 20,000 حالة
A15: 14 | B15: المسيّر (PAYX) | C15: P الرصيد المستحق | D15: هم/HR:engines/payx.js | E15: N − O | F15: نحن/موقع:lib/calc/payx.ts | G15: N − O | H15: غير مطابق | I15: يتبع فرق N (تصحيح J) | J15: تشغيل
A16: 15 | B16: المسيّر (PAYX) | C16: AC بدل الإجازة | D16: هم/HR:engines/payx.js | E16: P × T ÷ 30 (مع سبب إنهاء) أو يدوي | F16: نحن/موقع:lib/calc/payx.ts | G16: نفسها | H16: غير مطابق | I16: يتبع فرق N (تصحيح J) | J16: تشغيل
A17: 16 | B17: المسيّر (PAYX) | C17: AG تكلفة السنوات | D17: هم/HR:engines/payx.js | E17: ≤5: سنوات×T×0.5 · بعدها: 5×T×0.5 + (سنوات−5)×T — صفر للاستشاري/التمهير/المتدرب | F17: نحن/موقع:lib/calc/payx.ts | G17: نفس المعادلة، صفر للتمهير فقط | H17: شبه مطابق | I17: noEos: الاستشاري والمتدرب يأخذون مكافأة عندنا وليس عندهم | J17: تشغيل 1,385 حالة
A18: 17 | B18: المسيّر (PAYX) | C18: AH تكلفة الشهور | D18: هم/HR:engines/payx.js | E18: ≥5 سنوات: شهور÷12×T · أقل: شهور÷12×T×0.5 | F18: نحن/موقع:lib/calc/payx.ts | G18: نفسها | H18: شبه مطابق | I18: noEos فقط | J18: تشغيل
A19: 18 | B19: المسيّر (PAYX) | C19: AI تكلفة الأيام | D19: هم/HR:engines/payx.js | E19: ≥5 سنوات: أيام÷365×T · أقل: أيام÷360×T×0.5 | F19: نحن/موقع:lib/calc/payx.ts | G19: نفسها | H19: شبه مطابق | I19: noEos فقط | J19: تشغيل
A20: 19 | B20: المسيّر (PAYX) | C20: AJ إجمالي المكافأة | D20: هم/HR:engines/payx.js | E20: AG + AH + AI | F20: نحن/موقع:lib/calc/payx.ts | G20: AG + AH + AI | H20: شبه مطابق | I20: noEos فقط | J20: تشغيل
A21: 20 | B21: المسيّر (PAYX) | C21: أسباب الإنهاء ومعامل المكافأة | D21: هم/HR:engines/payx.js | E21: 8 أسباب · الاستقالة: <2: 0، ≤5: ⅓، ≤10: ⅔، أكثر: كاملة | F21: نحن/موقع:lib/calc/payx.ts | G21: 9 أسباب (+م.87) · الاستقالة: <2: 0، ≤5: ⅓، <10: ⅔، ≥10: كاملة | H21: غير مطابق | I21: تصحيح A (10 سنوات بالضبط) + تصحيح D (م.87) | J21: تشغيل + حالات حدية
A22: 21 | B22: المسيّر (PAYX) | C22: التعرف على سبب الإنهاء من النص | D22: هم/HR:engines/payx.js | E22: مطابقة نص عربي مع توحيد الحروف | F22: نحن/موقع:lib/calc/payx.ts | G22: نفسها + التعرف على م.87 / القوة القاهرة | H22: شبه مطابق | I22: م.87 غير موجودة عندهم | J22: قراءة
A23: 22 | B23: المسيّر (PAYX) | C23: AK مكافأة نهاية الخدمة | D23: هم/HR:engines/payx.js | E23: AJ × معامل السبب | F23: نحن/موقع:lib/calc/payx.ts | G23: AJ × معامل السبب | H23: غير مطابق | I23: يتبع A وD وnoEos | J23: تشغيل 1,464 حالة
A24: 23 | B24: المسيّر (PAYX) | C24: AM إجمالي المستحق | D24: هم/HR:engines/payx.js | E24: V+X+Y+Z+AA+AB+AC+AK | F24: نحن/موقع:lib/calc/payx.ts | G24: نفسها | H24: غير مطابق | I24: يتبع فروق AC وAK | J24: تشغيل 4,814 حالة
A25: 24 | B25: المسيّر (PAYX) | C25: أيام التأمينات | D25: هم/HR:engines/payx.js | E25: =أيام العمل ما لم تُحدد | F25: نحن/موقع:lib/calc/payx.ts | G25: نفسها | H25: مطابق | J25: تشغيل
A26: 25 | B26: المسيّر (PAYX) | C26: AQ الأجر الخاضع للتأمينات | D26: هم/HR:engines/payx.js | E26: min(الحد، (الأساسي + الأساسي×25%) × أيام÷الشهر) | F26: نحن/موقع:lib/calc/payx.ts | G26: min(الحد، (الأساسي + السكن الفعلي) × أيام÷الشهر) | H26: غير مطابق | I26: تصحيح G: يختلف لما السكن ≠ 25% من الأساسي | J26: تشغيل
A27: 26 | B27: المسيّر (PAYX) | C27: AO تأمينات الموظف | D27: هم/HR:engines/payx.js | E27: الأجر الخاضع × نسبة الموظف (يطابق/لا يطابق/55+) | F27: نحن/موقع:lib/calc/payx.ts | G27: نفسها على الأجر الخاضع الفعلي | H27: غير مطابق | I27: تصحيح G | J27: تشغيل 2,613 حالة
A28: 27 | B28: المسيّر (PAYX) | C28: AR تأمينات الشركة | D28: هم/HR:engines/payx.js | E28: الأجر الخاضع × نسبة الشركة، وغير السعودي 2% | F28: نحن/موقع:lib/calc/payx.ts | G28: نفسها على الأجر الخاضع الفعلي | H28: غير مطابق | I28: تصحيح G | J28: تشغيل 4,281 حالة
A29: 28 | B29: المسيّر (PAYX) | C29: عمر 55 سنة | D29: هم/HR:engines/payx.js | E29: DATEDIF(الميلاد، آخر الشهر) ≥ 55 | F29: نحن/موقع:lib/calc/payx.ts | G29: نفسها | H29: مطابق | J29: تشغيل
A30: 29 | B30: المسيّر (PAYX) | C30: AU إجمالي المستقطع | D30: هم/HR:engines/payx.js | E30: أخرى + تأمينات الموظف + سلف + ضريبة مصر + شهداء مصر | F30: نحن/موقع:lib/calc/payx.ts | G30: أخرى + تأمينات الموظف + سلف | H30: شبه مطابق | I30: مطابق للسعودية؛ عندهم بنود مصر | J30: تشغيل
A31: 30 | B31: المسيّر (PAYX) | C31: AV / AW الصافي والصافي بالريال | D31: هم/HR:engines/payx.js | E31: AM − AU ، × سعر الصرف | F31: نحن/موقع:lib/calc/payx.ts | G31: نفسها | H31: غير مطابق | I31: يتبع الفروق أعلاه | J31: تشغيل 7,057 حالة
A32: 31 | B32: المسيّر (PAYX) | C32: ضريبة الدخل والشهداء (مصر) | D32: هم/HR:engines/country.js egCompute | E32: شرائح ضريبية سنوية + 0.05% شهداء | F32: — | G32: — | H32: عندهم فقط | I32: دعم دولة مصر | J32: قراءة
A33: 32 | B33: صفوف المسيّر | C33: من يدخل المسيّر | D33: هم/HR:engines/payrollRows.js buildRows | E33: الحاليون عدا بالساعة و consultant_external و excludeFromPayroll + المنتهون داخل الشهر | F33: نحن/موقع:lib/calc/payroll.ts buildRows | G33: الحاليون عدا بالساعة و exclude_from_payroll و«البوصيري» (اسم مكتوب في الكود) + المنتهون داخل الشهر | H33: شبه مطابق | I33: شرط الاستشاري الخارجي عندهم، واسم مكتوب يدوياً عندنا | J33: قراءة
A34: 33 | B34: صفوف المسيّر | C34: أيام العمل/التأمينات الافتراضية | D34: هم/HR:engines/payrollRows.js defaultInsDays | E34: من يوم المباشرة أو حتى آخر يوم داخل الشهر | F34: نحن/موقع:lib/calc/payroll.ts defaultInsDays | G34: نفسها | H34: مطابق | J34: قراءة
A35: 34 | B35: صفوف المسيّر | C35: حالة التأمينات الافتراضية | D35: هم/HR:engines/payrollRows.js insDefault | E35: غير خاضع / لا يطبق / غير سعودي / يطابق / لا يطابق | F35: نحن/موقع:lib/calc/payroll.ts insDefault | G35: نفسها | H35: مطابق | J35: قراءة
A36: 35 | B36: صفوف المسيّر | C36: القيم الافتراضية عند ↺ | D36: هم/HR:engines/payrollRows.js empDefault | E36: من بيانات الموظف | F36: نحن/موقع:lib/calc/payroll.ts empDefault | G36: نفسها | H36: مطابق | J36: قراءة
A37: 36 | B37: صفوف المسيّر | C37: أيام الإجازة السنوية في الصف | D37: هم/HR:engines/payrollRows.js enrich | E37: من العقد leaveDaysContract (ولمصر حسب العمر والخدمة) | F37: نحن/موقع:lib/calc/payroll.ts enrich | G37: annual_leave_days أو 21 | H37: شبه مطابق | I37: نفس المصدر للسعودية؛ مصر عندهم فقط | J37: قراءة
A38: 37 | B38: صفوف المسيّر | C38: تمرير noEos للمحرك | D38: هم/HR:engines/payrollRows.js recalc | E38: noEos(e) = استشاري/تمهير/متدرب | F38: نحن/موقع:lib/calc/payroll.ts recalc | G38: لا يُمرَّر | H38: غير مطابق | I38: سبب فرق AG..AK | J38: قراءة
A39: 38 | B39: صفوف المسيّر | C39: الإعفاء من التأمينات مع التعديل اليدوي | D39: هم/HR:engines/payrollRows.js recalc | E39: معفى ما لم يغيّر HR الحالة يدوياً | F39: نحن/موقع:lib/calc/payroll.ts recalc | G39: نفسها | H39: مطابق | J39: قراءة
A40: 39 | B40: صفوف المسيّر | C40: أيام العمل من آخر يوم | D40: هم/HR:engines/payrollRows.js autoWork | E40: يوم آخر يوم داخل الشهر، أو صفر قبله | F40: نحن/موقع:lib/calc/payroll.ts autoWork | G40: نفسها | H40: مطابق | J40: قراءة
A41: 40 | B41: صفوف المسيّر | C41: تعديل حقل في الصف | D41: هم/HR:engines/payrollRows.js updateField | E41: تحويل رقمي + تسجيل التعديل اليدوي + إعادة الحساب | F41: نحن/موقع:payroll/page.tsx | G41: نفسها | H41: مطابق | J41: قراءة
A42: 41 | B42: صفوف المسيّر | C42: ترحيل الإضافي القديم لمبلغ يدوي | D42: هم/HR:engines/payrollRows.js enrich | E42: لو صف قديم فيه إضافي بدون ساعات | F42: — | G42: — | H42: عندهم فقط | J42: قراءة
A43: 42 | B43: صفوف المسيّر | C43: مجاميع المسيّر | D43: هم/HR:engines/payrollRows.js sums | E43: 20 عموداً (مع الضريبة والشهداء) | F43: نحن/موقع:lib/calc/payroll.ts sums | G43: 18 عموداً | H43: شبه مطابق | I43: بنود مصر فقط | J43: قراءة
A44: 43 | B44: صفوف المسيّر | C44: أعمدة تصدير المسيّر | D44: هم/HR:pages/payroll/output.js | E44: نفس أعمدة Excel من A إلى AW | F44: نحن/موقع:lib/calc/payroll.ts rowValue | G44: نفسها | H44: مطابق | J44: قراءة
A45: 44 | B45: صفوف المسيّر | C45: ما تم استحقاقه (usedThrough) | D45: هم/HR:engines/payrollRows.js usedThrough | E45: مجموع المأخوذ من أول سنة حتى آخر يوم | F45: نحن/خادم:services/leave.py used_through | G45: نفسها | H45: شبه مطابق | I45: عندهم تُستبعد أيام السنوية المغطاة بمرضية | J45: تشغيل 19 من 300 مختلفة
A46: 45 | B46: التأمينات | C46: جدول النسب حسب التاريخ | D46: هم/HR:engines/insurance.js getInsSettings | E46: جدول تلقائي: الجديد 10.25/12.25 من 1/7/2025 ويزيد 0.5% كل يوليو حتى 11.75/13.75، القديم ثابت 9.75/11.75 | F46: نحن/خادم:routers/canonical.py GOSI_DEFAULT | G46: فترتان: 1/1/2026 (10.75/12.75) و1/7/2027 (11.25/13.25، والقديم 10.25/12.25) | H46: غير مطابق | I46: 72 من 84 شهراً مختلفة (2024–2030). جدولهم أصح نظامياً | J46: تشغيل 84 شهراً
A47: 46 | B47: التأمينات | C47: النسب قبل 2026 | D47: هم/HR:engines/insurance.js | E47: 9.75/11.75 ثم 10.25/12.25 من 7/2025 | F47: نحن/خادم:routers/canonical.py gosi_rates | G47: لا توجد فترة = صفر | H47: غير مطابق | I47: أي مسيّر قبل 2026 يحسب تأمينات صفر عندنا | J47: تشغيل
A48: 47 | B48: التأمينات | C48: نسبة 55 سنة فأكثر | D48: هم/HR:engines/insurance.js ruleFor | E48: الجديد −0.25، القديم −0.75 | F48: نحن/خادم:canonical.py GOSI_DEFAULT | G48: نفس القيم المخزنة | H48: مطابق | J48: تشغيل
A49: 48 | B49: التأمينات | C49: الحد الأعلى للأجر | D49: هم/HR:engines/insurance.js | E49: 45,000 | F49: نحن/خادم:canonical.py GOSI_DEFAULT | G49: 45,000 | H49: مطابق | J49: قراءة
A50: 49 | B50: التأمينات | C50: الأجر الخاضع للموظف | D50: هم/HR:engines/insurance.js calcInsBase | E50: min(الحد÷أيام×أيام العمل، أساسي + سكن) | F50: نحن/خادم:services/gosi.py calculate | G50: نفسها | H50: مطابق | J50: قراءة
A51: 50 | B51: التأمينات | C51: الإعفاء (kindOf) | D51: هم/HR:engines/empkind.js | E51: استشاري/تمهير/متدرب من نوع WPS أو المسمى أو القسم أو جهة العمل | F51: نحن/خادم:services/gosi.py exempt_kind | G51: نفسها (V130) | H51: مطابق | J51: قراءة
A52: 51 | B52: التأمينات | C52: إعفاء insSystem = exempt | D52: هم/HR:engines/empkind.js insExempt | E52: معفى | F52: نحن/خادم:services/employee_map.py figures | G52: معفى | H52: مطابق | J52: قراءة
A53: 52 | B53: التأمينات | C53: الاستشاري = لا يطبق | D53: هم/HR:engines/insurance.js calcIns | E53: المسمى «استشاري» أو «مهمة محددة» | F53: نحن/موقع:lib/calc/payroll.ts insDefault | G53: نفسها | H53: مطابق | J53: قراءة
A54: 53 | B54: التأمينات | C54: نص حالة التأمينات | D54: هم/HR:engines/insurance.js insStatusText | E54: غير خاضع / غير سعودي / لا يطبق / يطابق / لا يطابق | F54: نحن/موقع:lib/calc/payroll.ts insDefault | G54: نفسها | H54: مطابق | J54: قراءة
A55: 54 | B55: التأمينات | C55: تأمينات الموظف عند حفظ بياناته (31/31) | D55: هم/HR:lib/employees.js salaryPreview | E55: calcIns(e, 31, 31) بالجدول التلقائي | F55: نحن/خادم:canonical.py _store_figures | G55: calcIns(e, 31, 31) بالجدول المخزن | H55: شبه مطابق | I55: نفس المعادلة؛ الفرق من جدول النسب | J55: قراءة
A56: 55 | B56: التأمينات | C56: تأمينات قسيمة غير محفوظة | D56: هم/HR:pages/finance/InsCalc.jsx calcFor | E56: PAYX بأيام الشهر (سكن 25%) | F56: نحن/موقع:lib/calc/payroll.ts calcEmployeeGosi | G56: 31/31 على السكن الفعلي | H56: شبه مطابق | I56: تصحيح G + جدول النسب | J56: قراءة
A57: 56 | B57: التأمينات | C57: تأمينات مصر | D57: هم/HR:engines/country.js calcInsEG | E57: 11% موظف / 18.75% شركة، حد أدنى وأعلى لكل سنة | F57: — | G57: — | H57: عندهم فقط | J57: قراءة
A58: 57 | B58: بيانات الموظف | C58: إجمالي الراتب | D58: هم/HR:lib/employees.js buildEmployee | E58: أساسي + سكن + مواصلات + مشروع + أخرى + إضافي | F58: نحن/خادم:services/employee_map.py figures | G58: نفسها | H58: مطابق | J58: قراءة
A59: 58 | B59: بيانات الموظف | C59: صافي الراتب | D59: هم/HR:lib/employees.js | E59: الإجمالي − تأمينات الموظف − خصومات أخرى | F59: نحن/خادم:services/employee_map.py figures | G59: نفسها | H59: شبه مطابق | I59: نفس المعادلة؛ الفرق من جدول النسب | J59: قراءة
A60: 59 | B60: بيانات الموظف | C60: الصافي بالريال وسعر الصرف | D60: هم/HR:lib/data.js | E60: الصافي × السعر، الدولار افتراضياً 3.755 | F60: نحن/خادم:canonical.py _store_figures | G60: نفسها | H60: مطابق | J60: قراءة
A61: 60 | B61: بيانات الموظف | C61: نهاية العقد المحدد | D61: هم/HR:lib/employees.js addMonthsSafe | E61: المباشرة + المدة − يوم | F61: نحن/خادم:services/contracts.py fixed_term_end | G61: نفسها | H61: مطابق | J61: قراءة
A62: 61 | B62: بيانات الموظف | C62: الأيام المتبقية (إقامة/جواز/عقد/تأمين طبي) | D62: هم/HR:lib/data.js normalizeEmployee | E62: round((التاريخ − اليوم) ÷ يوم) | F62: نحن/خادم:canonical.py | G62: (التاريخ − اليوم).days | H62: مطابق | J62: قراءة
A63: 62 | B63: بيانات الموظف | C63: سنوات الخدمة في السجل | D63: هم/HR:lib/data.js normalizeEmployee | E63: تُحسب عند كل تحميل: (اليوم أو آخر يوم − المباشرة) ÷ 365.25 | F63: نحن/خادم:canonical.py salary_basis | G63: القيمة المخزنة yearsOfService | H63: شبه مطابق | I63: عندهم محدّثة دائماً، عندنا المخزنة | J63: قراءة
A64: 63 | B64: بيانات الموظف | C64: إصلاح الصافي المخزن بعملة أجنبية | D64: هم/HR:lib/data.js normalizeEmployee | E64: لو الصافي ≈ الإجمالي × السعر يُقسم عليه، ولو > 20 ضعف يُعاد حسابه | F64: — | G64: — | H64: عندهم فقط | J64: قراءة
A65: 64 | B65: بيانات الموظف | C65: رقم الموظف الجديد واسم المستخدم | D65: هم/HR:lib/employees.js buildEmployee | E65: أكبر رقم + 1، واسم المستخدم EMP + 3 خانات | F65: نحن/خادم:canonical.py create_employee | G65: نفسها | H65: مطابق | J65: قراءة
A66: 65 | B66: بيانات الموظف | C66: البدل كنسبة من الأساسي | D66: هم/HR:pages/employees/EmpForm.jsx | E66: البدل = الأساسي × النسبة% ويتحدث تلقائياً | F66: — | G66: — | H66: عندهم فقط | J66: قراءة
A67: 66 | B67: بيانات الموظف | C67: الإنهاء والتفعيل التلقائي عند انتهاء العقد | D67: — | E67: لم أجده في كودهم | F67: نحن/خادم:services/contracts.py + canonical.py _reactivate_if_renewed | G67: ينتهي تلقائياً بعد نهاية العقد، ويرجع لو جُدد | H67: عندنا فقط | J67: قراءة
A68: 67 | B68: نهاية الخدمة | C68: مكافأة م.84 | D68: هم/HR:pages/finance/Eos.jsx eosByLaw | E68: الوعاء÷2 × min(س،5) + الوعاء × max(0، س−5) | F68: نحن/موقع:lib/calc/eos.ts calcByLaw | G68: نفسها | H68: مطابق | J68: تشغيل 2,727 حالة
A69: 68 | B69: نهاية الخدمة | C69: م.74 / م.74(3) / م.74(4) | D69: هم/HR:pages/finance/Eos.jsx | E69: =م.84 | F69: نحن/موقع:lib/calc/eos.ts | G69: =م.84 | H69: مطابق | J69: تشغيل
A70: 69 | B70: نهاية الخدمة | C70: م.85 / م.75 الاستقالة | D70: هم/HR:pages/finance/Eos.jsx | E70: <2: 0 · <5: ⅓ · <10: ⅔ · ≥10: كاملة | F70: نحن/موقع:lib/calc/eos.ts | G70: <2: 0 · ≤5: ⅓ · <10: ⅔ · ≥10: كاملة | H70: غير مطابق | I70: تصحيح A: 5 سنوات بالضبط | J70: تشغيل 6 حالات
A71: 70 | B71: نهاية الخدمة | C71: م.87 مكافأة كاملة | D71: — | E71: غير موجودة | F71: نحن/موقع:lib/calc/eos.ts | G71: =م.84 | H71: عندنا فقط | I71: تصحيح D | J71: تشغيل 300 حالة
A72: 71 | B72: نهاية الخدمة | C72: م.77 عقد غير محدد | D72: هم/HR:pages/finance/Eos.jsx | E72: م.84 + max(round(2×الوعاء)، round(الوعاء÷30×15×س)) | F72: نحن/موقع:lib/calc/eos.ts | G72: نفسها | H72: مطابق | J72: تشغيل
A73: 72 | B73: نهاية الخدمة | C73: م.77 عقد محدد المدة | D73: — | E73: تُعامل كغير المحدد | F73: نحن/موقع:lib/calc/eos.ts | G73: م.84 + max(شهرين، أجر الأشهر الباقية) | H73: عندنا فقط | I73: تصحيح C (مثال 18 شهراً: 243,750 مقابل 43,750) | J73: تشغيل
A74: 73 | B74: نهاية الخدمة | C74: م.80 فصل تأديبي | D74: هم/HR:pages/finance/Eos.jsx | E74: 0 | F74: نحن/موقع:lib/calc/eos.ts | G74: 0 | H74: مطابق | J74: تشغيل
A75: 74 | B75: نهاية الخدمة | C75: وعاء المكافأة في الصفحة | D75: هم/HR:pages/finance/Eos.jsx | E75: أساسي + سكن | F75: نحن/موقع:end-of-service/page.tsx | G75: أساسي + كل البدلات الثابتة | H75: غير مطابق | I75: تصحيح B | J75: قراءة
A76: 75 | B76: نهاية الخدمة | C76: سنوات الخدمة في الصفحة | D76: هم/HR:pages/finance/Eos.jsx | E76: (التاريخ − المباشرة) ÷ 365.25 | F76: نحن/موقع:lib/calc/eos.ts eosYears | G76: نفسها | H76: مطابق | J76: قراءة
A77: 76 | B77: نهاية الخدمة | C77: نص المدة «س سنة ش شهر ي يوم» | D77: هم/HR:pages/finance/Eos.jsx duration | E77: خوارزمية الأشهر | F77: نحن/موقع:lib/calc/eos.ts durationText | G77: نفسها | H77: مطابق | J77: تشغيل 2,000 حالة
A78: 77 | B78: نهاية الخدمة | C78: مكافأة سجل الموظف (calcEOS) | D78: هم/HR:engines/insurance.js calcEOS | E78: (أساسي+سكن)÷2 × min(س،5) + (أساسي+سكن) × ما بعدها | F78: نحن/خادم:canonical.py salary_basis | G78: المسجلة، وإلا نفس المعادلة | H78: مطابق | J78: قراءة
A79: 78 | B79: المخالصة | C79: المدة سنة/شهر/يوم والسنوات | D79: هم/HR:pages/finance/EosCalc.jsx settle | E79: duration: س + ش÷12 + ي÷360 | F79: نحن/موقع:lib/calc/settlement.ts | G79: نفسها | H79: مطابق | J79: تشغيل 19,868 حالة
A80: 79 | B80: المخالصة | C80: e84 | D80: هم/HR:pages/finance/EosCalc.jsx | E80: الراتب÷2 × min(س،5) + الراتب × ما بعدها | F80: نحن/موقع:lib/calc/settlement.ts | G80: نفسها | H80: مطابق | J80: تشغيل
A81: 80 | B81: المخالصة | C81: م.84 / م.74 / تقاعد / وفاة | D81: هم/HR:pages/finance/EosCalc.jsx | E81: =e84 | F81: نحن/موقع:lib/calc/settlement.ts | G81: =e84 | H81: مطابق | J81: تشغيل
A82: 81 | B82: المخالصة | C82: م.85 / م.75 | D82: هم/HR:pages/finance/EosCalc.jsx | E82: <2: 0 · <5: ⅓ · <10: ⅔ · كاملة | F82: نحن/موقع:lib/calc/settlement.ts | G82: <2: 0 · ≤5: ⅓ · <10: ⅔ · كاملة | H82: غير مطابق | I82: تصحيح A (5 بالضبط) | J82: قراءة
A83: 82 | B83: المخالصة | C83: م.87 | D83: — | E83: غير موجودة | F83: نحن/موقع:lib/calc/settlement.ts | G83: =e84 | H83: عندنا فقط | I83: تصحيح D (1,977 حالة) | J83: تشغيل
A84: 83 | B84: المخالصة | C84: م.77 | D84: هم/HR:pages/finance/EosCalc.jsx | E84: e84 + max(شهرين، الراتب÷30×15×س) | F84: نحن/موقع:lib/calc/settlement.ts | G84: نفسها + للعقد المحدد: أجر الأشهر الباقية | H84: شبه مطابق | I84: تصحيح C للعقد المحدد | J84: قراءة
A85: 84 | B85: المخالصة | C85: م.80 / م.53 | D85: هم/HR:pages/finance/EosCalc.jsx | E85: 0 | F85: نحن/موقع:lib/calc/settlement.ts | G85: 0 | H85: مطابق | J85: تشغيل
A86: 85 | B86: المخالصة | C86: الإجازة المستحقة | D86: هم/HR:pages/finance/EosCalc.jsx | E86: السنوات × أيام الإجازة | F86: نحن/موقع:lib/calc/settlement.ts | G86: نفسها | H86: مطابق | J86: تشغيل
A87: 86 | B87: المخالصة | C87: الرصيد المتبقي وبدله | D87: هم/HR:pages/finance/EosCalc.jsx | E87: max(0، المستحق − المأخوذ) × الراتب÷30 | F87: نحن/موقع:lib/calc/settlement.ts | G87: نفسها | H87: مطابق | J87: تشغيل
A88: 87 | B88: المخالصة | C88: راتب الفترة | D88: هم/HR:pages/finance/EosCalc.jsx | E88: الراتب÷أيام الشهر × أيام الحضور، أو الراتب كاملاً | F88: نحن/موقع:lib/calc/settlement.ts | G88: نفسها | H88: مطابق | J88: تشغيل
A89: 88 | B89: المخالصة | C89: خصم الإجازة الزائدة | D89: هم/HR:pages/finance/EosCalc.jsx | E89: max(0، المأخوذ − المستحق) × الراتب÷30 | F89: نحن/موقع:lib/calc/settlement.ts | G89: نفسها | H89: مطابق | J89: تشغيل
A90: 89 | B90: المخالصة | C90: الإضافات والخصومات (مبلغ أو أيام) | D90: هم/HR:pages/finance/EosCalc.jsx | E90: الأيام = الراتب ÷ (أيام الشهر أو 30) × العدد | F90: نحن/موقع:lib/calc/settlement.ts | G90: نفسها | H90: مطابق | J90: تشغيل
A91: 90 | B91: المخالصة | C91: الصافي | D91: هم/HR:pages/finance/EosCalc.jsx | E91: max(0، المكافأة + بدل الإجازة + راتب الفترة + الإضافات − الخصومات − خصم الزائد) | F91: نحن/موقع:lib/calc/settlement.ts | G91: نفسها | H91: غير مطابق | I91: يتبع فرق م.87 | J91: تشغيل 1,900 حالة
A92: 91 | B92: المخالصة | C92: تقريب المدخلات | D92: هم/HR:pages/finance/EosCalc.jsx | E92: تقبل الكسور | F92: نحن/موقع:lib/calc/settlement.ts | G92: أيام الإجازة والمأخوذ وأيام الشهر والحضور أعداد صحيحة (Math.trunc) | H92: شبه مطابق | I92: يختلف فقط لو أُدخلت كسور | J92: قراءة
A93: 92 | B93: المخالصة | C93: الراتب الافتراضي عند اختيار الموظف | D93: هم/HR:pages/finance/EosCalc.jsx pick | E93: salaryTotal أو مجموع البدلات | F93: نحن/موقع:settlement/page.tsx | G93: total_salary | H93: مطابق | J93: قراءة
A94: 93 | B94: المخالصة | C94: مستند المخالصة والتفقيط | D94: هم/HR:lib/settlementDoc.js | E94: المبالغ + التفقيط | F94: نحن/موقع:lib/calc/settlement-doc.ts | G94: نفسها | H94: مطابق | J94: قراءة
A95: 94 | B95: المخالصة | C95: مخالصة مصر | D95: هم/HR:pages/finance/EosCalc.jsx | E95: نسبة الاستقالة وتعويض م.77 ورصيد الإجازة لمصر | F95: — | G95: — | H95: عندهم فقط | J95: قراءة
A96: 95 | B96: الإجازات | C96: يوم العمل | D96: هم/HR:engines/holidays.js isLeaveWorkday | E96: ليس جمعة أو سبت (مصر: حسب الإعداد) وليس عطلة | F96: نحن/خادم:services/leave.py is_workday | G96: ليس جمعة أو سبت وليس عطلة | H96: مطابق | I96: مطابق للسعودية | J96: تشغيل
A97: 96 | B97: الإجازات | C97: توسيع العطل الرسمية | D97: هم/HR:engines/holidays.js holidayDatesForYear | E97: متعددة الأيام + المتكررة تنتقل للسنة | F97: نحن/خادم:services/leave.py HolidayCalendar | G97: نفسها | H97: مطابق | J97: تشغيل
A98: 97 | B98: الإجازات | C98: أيام العمل في السنة | D98: هم/HR:engines/leave.js leaveWorkingDaysInYear | E98: عدد أيام العمل من 1/1 إلى 31/12 | F98: نحن/خادم:services/leave.py workdays_in_year | G98: نفسها | H98: مطابق | J98: تشغيل
A99: 98 | B99: الإجازات | C99: طريقة الاستحقاق | D99: هم/HR:engines/leave.js leaveAccruedForPeriod | E99: تقويمية (افتراضي) أو شهرية أو أيام عمل | F99: نحن/خادم:services/leave.py accrued | G99: أيام عمل فقط: السنوي × أيام العمل المنقضية ÷ أيام عمل السنة | H99: غير مطابق | I99: 286 من 300 موظف بالتقويمية؛ 7 فقط بطريقة أيام العمل | J99: تشغيل 300 موظف × 3 طرق
A100: 99 | B100: الإجازات | C100: حد الترحيل | D100: هم/HR:engines/leave.js leaveCarryCap | E100: إعداد (افتراضي 10) أو بدون حد | F100: نحن/خادم:services/leave.py CARRY_CAP | G100: 10 ثابت | H100: شبه مطابق | I100: نفس القيمة الافتراضية | J100: قراءة
...
